{"cameraMode":{"drawMode":0,"name":"Shaded","section":"Shading Mode"},"sceneLighting":true,"audioPlay":false,"sceneViewState":{"m_AlwaysRefresh":false,"showFog":true,"showSkybox":true,"showFlares":true,"showImageEffects":true,"showParticleSystems":true,"showVisualEffectGraphs":true,"m_FxEnabled":true},"in2DMode":false,"pivot":{"x":37.762062072753909,"y":-35.42710876464844,"z":175.95376586914063},"rotation":{"x":0.3697134852409363,"y":0.02926095947623253,"z":-0.011649833992123604,"w":0.9286117553710938},"size":200.72987365722657,"orthographic":false}